id,path,label
0,./webserver/static/train/brain_coral/n01917289_1783.JPEG,brain_coral
1,./webserver/static/train/brain_coral/n01917289_4317.JPEG,brain_coral
2,./webserver/static/train/brain_coral/n01917289_765.JPEG,brain_coral
3,./webserver/static/train/brain_coral/n01917289_1079.JPEG,brain_coral
4,./webserver/static/train/brain_coral/n01917289_2484.JPEG,brain_coral
5,./webserver/static/train/brain_coral/n01917289_1082.JPEG,brain_coral
6,./webserver/static/train/brain_coral/n01917289_1538.JPEG,brain_coral
7,./webserver/static/train/brain_coral/n01917289_4069.JPEG,brain_coral
8,./webserver/static/train/brain_coral/n01917289_4021.JPEG,brain_coral
9,./webserver/static/train/brain_coral/n01917289_1022.JPEG,brain_coral
10,./webserver/static/train/Rhodesian_ridgeback/n02087394_6382.JPEG,Rhodesian_ridgeback
11,./webserver/static/train/Rhodesian_ridgeback/n02087394_8852.JPEG,Rhodesian_ridgeback
12,./webserver/static/train/Rhodesian_ridgeback/n02087394_12174.JPEG,Rhodesian_ridgeback
13,./webserver/static/train/Rhodesian_ridgeback/n02087394_239.JPEG,Rhodesian_ridgeback
14,./webserver/static/train/Rhodesian_ridgeback/n02087394_10810.JPEG,Rhodesian_ridgeback
15,./webserver/static/train/Rhodesian_ridgeback/n02087394_5664.JPEG,Rhodesian_ridgeback
16,./webserver/static/train/Rhodesian_ridgeback/n02087394_21329.JPEG,Rhodesian_ridgeback
17,./webserver/static/train/Rhodesian_ridgeback/n02087394_5846.JPEG,Rhodesian_ridgeback
18,./webserver/static/train/Rhodesian_ridgeback/n02087394_278.JPEG,Rhodesian_ridgeback
19,./webserver/static/train/Rhodesian_ridgeback/n02087394_9675.JPEG,Rhodesian_ridgeback
20,./webserver/static/train/magpie/n01582220_6305.JPEG,magpie
21,./webserver/static/train/magpie/n01582220_4738.JPEG,magpie
22,./webserver/static/train/magpie/n01582220_36701.JPEG,magpie
23,./webserver/static/train/magpie/n01582220_9174.JPEG,magpie
24,./webserver/static/train/magpie/n01582220_7366.JPEG,magpie
25,./webserver/static/train/magpie/n01582220_8930.JPEG,magpie
26,./webserver/static/train/magpie/n01582220_5870.JPEG,magpie
27,./webserver/static/train/magpie/n01582220_9114.JPEG,magpie
28,./webserver/static/train/magpie/n01582220_10712.JPEG,magpie
29,./webserver/static/train/magpie/n01582220_6915.JPEG,magpie
30,./webserver/static/train/jean/n03594734_42955.JPEG,jean
31,./webserver/static/train/jean/n03594734_54417.JPEG,jean
32,./webserver/static/train/jean/n03594734_43949.JPEG,jean
33,./webserver/static/train/jean/n03594734_6277.JPEG,jean
34,./webserver/static/train/jean/n03594734_24159.JPEG,jean
35,./webserver/static/train/jean/n03594734_9714.JPEG,jean
36,./webserver/static/train/jean/n03594734_32813.JPEG,jean
37,./webserver/static/train/jean/n03594734_16188.JPEG,jean
38,./webserver/static/train/jean/n03594734_38343.JPEG,jean
39,./webserver/static/train/jean/n03594734_4800.JPEG,jean
40,./webserver/static/train/goblet/n03443371_3708.JPEG,goblet
41,./webserver/static/train/goblet/n03443371_23436.JPEG,goblet
42,./webserver/static/train/goblet/n03443371_3723.JPEG,goblet
43,./webserver/static/train/goblet/n03443371_3288.JPEG,goblet
44,./webserver/static/train/goblet/n03443371_7195.JPEG,goblet
45,./webserver/static/train/goblet/n03443371_3571.JPEG,goblet
46,./webserver/static/train/goblet/n03443371_268.JPEG,goblet
47,./webserver/static/train/goblet/n03443371_14193.JPEG,goblet
48,./webserver/static/train/goblet/n03443371_9475.JPEG,goblet
49,./webserver/static/train/goblet/n03443371_7918.JPEG,goblet
50,./webserver/static/train/knee_pad/n03623198_9535.JPEG,knee_pad
51,./webserver/static/train/knee_pad/n03623198_4447.JPEG,knee_pad
52,./webserver/static/train/knee_pad/n03623198_14123.JPEG,knee_pad
53,./webserver/static/train/knee_pad/n03623198_3552.JPEG,knee_pad
54,./webserver/static/train/knee_pad/n03623198_10486.JPEG,knee_pad
55,./webserver/static/train/knee_pad/n03623198_1346.JPEG,knee_pad
56,./webserver/static/train/knee_pad/n03623198_4415.JPEG,knee_pad
57,./webserver/static/train/knee_pad/n03623198_14574.JPEG,knee_pad
58,./webserver/static/train/knee_pad/n03623198_7294.JPEG,knee_pad
59,./webserver/static/train/knee_pad/n03623198_11556.JPEG,knee_pad
60,./webserver/static/train/lion/n02129165_19875.JPEG,lion
61,./webserver/static/train/lion/n02129165_16.JPEG,lion
62,./webserver/static/train/lion/n02129165_5362.JPEG,lion
63,./webserver/static/train/lion/n02129165_12949.JPEG,lion
64,./webserver/static/train/lion/n02129165_19953.JPEG,lion
65,./webserver/static/train/lion/n02129165_5845.JPEG,lion
66,./webserver/static/train/lion/n02129165_1142.JPEG,lion
67,./webserver/static/train/lion/n02129165_11278.JPEG,lion
68,./webserver/static/train/lion/n02129165_17028.JPEG,lion
69,./webserver/static/train/lion/n02129165_19310.JPEG,lion
70,./webserver/static/train/comic_book/n06596364_7928.JPEG,comic_book
71,./webserver/static/train/comic_book/n06596364_4451.JPEG,comic_book
72,./webserver/static/train/comic_book/n06596364_12832.JPEG,comic_book
73,./webserver/static/train/comic_book/n06596364_12588.JPEG,comic_book
74,./webserver/static/train/comic_book/n06596364_19168.JPEG,comic_book
75,./webserver/static/train/comic_book/n06596364_11921.JPEG,comic_book
76,./webserver/static/train/comic_book/n06596364_5634.JPEG,comic_book
77,./webserver/static/train/comic_book/n06596364_4445.JPEG,comic_book
78,./webserver/static/train/comic_book/n06596364_3314.JPEG,comic_book
79,./webserver/static/train/comic_book/n06596364_4083.JPEG,comic_book
80,./webserver/static/train/dugong/n02074367_11389.JPEG,dugong
81,./webserver/static/train/dugong/n02074367_6343.JPEG,dugong
82,./webserver/static/train/dugong/n02074367_11823.JPEG,dugong
83,./webserver/static/train/dugong/n02074367_15261.JPEG,dugong
84,./webserver/static/train/dugong/n02074367_3178.JPEG,dugong
85,./webserver/static/train/dugong/n02074367_10112.JPEG,dugong
86,./webserver/static/train/dugong/n02074367_21374.JPEG,dugong
87,./webserver/static/train/dugong/n02074367_7060.JPEG,dugong
88,./webserver/static/train/dugong/n02074367_16898.JPEG,dugong
89,./webserver/static/train/dugong/n02074367_2045.JPEG,dugong
90,./webserver/static/train/Bouvier_des_Flandres/n02106382_2474.JPEG,Bouvier_des_Flandres
91,./webserver/static/train/Bouvier_des_Flandres/n02106382_2705.JPEG,Bouvier_des_Flandres
92,./webserver/static/train/Bouvier_des_Flandres/n02106382_4153.JPEG,Bouvier_des_Flandres
93,./webserver/static/train/Bouvier_des_Flandres/n02106382_404.JPEG,Bouvier_des_Flandres
94,./webserver/static/train/Bouvier_des_Flandres/n02106382_9318.JPEG,Bouvier_des_Flandres
95,./webserver/static/train/Bouvier_des_Flandres/n02106382_5429.JPEG,Bouvier_des_Flandres
96,./webserver/static/train/Bouvier_des_Flandres/n02106382_8906.JPEG,Bouvier_des_Flandres
97,./webserver/static/train/Bouvier_des_Flandres/n02106382_2872.JPEG,Bouvier_des_Flandres
98,./webserver/static/train/Bouvier_des_Flandres/n02106382_6290.JPEG,Bouvier_des_Flandres
99,./webserver/static/train/Bouvier_des_Flandres/n02106382_6653.JPEG,Bouvier_des_Flandres
100,./webserver/static/train/mongoose/n02137549_5043.JPEG,mongoose
101,./webserver/static/train/mongoose/n02137549_7436.JPEG,mongoose
102,./webserver/static/train/mongoose/n02137549_7552.JPEG,mongoose
103,./webserver/static/train/mongoose/n02137549_7641.JPEG,mongoose
104,./webserver/static/train/mongoose/n02137549_5694.JPEG,mongoose
105,./webserver/static/train/mongoose/n02137549_2872.JPEG,mongoose
106,./webserver/static/train/mongoose/n02137549_10713.JPEG,mongoose
107,./webserver/static/train/mongoose/n02137549_9314.JPEG,mongoose
108,./webserver/static/train/mongoose/n02137549_2769.JPEG,mongoose
109,./webserver/static/train/mongoose/n02137549_7891.JPEG,mongoose
110,./webserver/static/train/screen/n04152593_18911.JPEG,screen
111,./webserver/static/train/screen/n04152593_20281.JPEG,screen
112,./webserver/static/train/screen/n04152593_13170.JPEG,screen
113,./webserver/static/train/screen/n04152593_70995.JPEG,screen
114,./webserver/static/train/screen/n04152593_60736.JPEG,screen
115,./webserver/static/train/screen/n04152593_2793.JPEG,screen
116,./webserver/static/train/screen/n04152593_29558.JPEG,screen
117,./webserver/static/train/screen/n04152593_345.JPEG,screen
118,./webserver/static/train/screen/n04152593_36277.JPEG,screen
119,./webserver/static/train/screen/n04152593_5333.JPEG,screen
120,./webserver/static/train/dishwasher/n03207941_10900.JPEG,dishwasher
121,./webserver/static/train/dishwasher/n03207941_7670.JPEG,dishwasher
122,./webserver/static/train/dishwasher/n03207941_11123.JPEG,dishwasher
123,./webserver/static/train/dishwasher/n03207941_436.JPEG,dishwasher
124,./webserver/static/train/dishwasher/n03207941_15169.JPEG,dishwasher
125,./webserver/static/train/dishwasher/n03207941_8944.JPEG,dishwasher
126,./webserver/static/train/dishwasher/n03207941_12359.JPEG,dishwasher
127,./webserver/static/train/dishwasher/n03207941_7160.JPEG,dishwasher
128,./webserver/static/train/dishwasher/n03207941_20047.JPEG,dishwasher
129,./webserver/static/train/dishwasher/n03207941_13200.JPEG,dishwasher
130,./webserver/static/train/carousel/n02966193_41665.JPEG,carousel
131,./webserver/static/train/carousel/n02966193_27604.JPEG,carousel
132,./webserver/static/train/carousel/n02966193_17155.JPEG,carousel
133,./webserver/static/train/carousel/n02966193_25350.JPEG,carousel
134,./webserver/static/train/carousel/n02966193_14630.JPEG,carousel
135,./webserver/static/train/carousel/n02966193_7683.JPEG,carousel
136,./webserver/static/train/carousel/n02966193_38636.JPEG,carousel
137,./webserver/static/train/carousel/n02966193_575.JPEG,carousel
138,./webserver/static/train/carousel/n02966193_41621.JPEG,carousel
139,./webserver/static/train/carousel/n02966193_3789.JPEG,carousel
140,./webserver/static/train/cliff_dwelling/n03042490_6749.JPEG,cliff_dwelling
141,./webserver/static/train/cliff_dwelling/n03042490_8178.JPEG,cliff_dwelling
142,./webserver/static/train/cliff_dwelling/n03042490_4124.JPEG,cliff_dwelling
143,./webserver/static/train/cliff_dwelling/n03042490_2061.JPEG,cliff_dwelling
144,./webserver/static/train/cliff_dwelling/n03042490_1526.JPEG,cliff_dwelling
145,./webserver/static/train/cliff_dwelling/n03042490_2390.JPEG,cliff_dwelling
146,./webserver/static/train/cliff_dwelling/n03042490_10143.JPEG,cliff_dwelling
147,./webserver/static/train/cliff_dwelling/n03042490_2171.JPEG,cliff_dwelling
148,./webserver/static/train/cliff_dwelling/n03042490_4084.JPEG,cliff_dwelling
149,./webserver/static/train/cliff_dwelling/n03042490_10980.JPEG,cliff_dwelling
150,./webserver/static/train/cocktail_shaker/n03062245_3194.JPEG,cocktail_shaker
151,./webserver/static/train/cocktail_shaker/n03062245_4550.JPEG,cocktail_shaker
152,./webserver/static/train/cocktail_shaker/n03062245_7972.JPEG,cocktail_shaker
153,./webserver/static/train/cocktail_shaker/n03062245_1019.JPEG,cocktail_shaker
154,./webserver/static/train/cocktail_shaker/n03062245_1186.JPEG,cocktail_shaker
155,./webserver/static/train/cocktail_shaker/n03062245_12368.JPEG,cocktail_shaker
156,./webserver/static/train/cocktail_shaker/n03062245_528.JPEG,cocktail_shaker
157,./webserver/static/train/cocktail_shaker/n03062245_15980.JPEG,cocktail_shaker
158,./webserver/static/train/cocktail_shaker/n03062245_1498.JPEG,cocktail_shaker
159,./webserver/static/train/cocktail_shaker/n03062245_2941.JPEG,cocktail_shaker
160,./webserver/static/train/minibus/n03769881_4205.JPEG,minibus
161,./webserver/static/train/minibus/n03769881_3883.JPEG,minibus
162,./webserver/static/train/minibus/n03769881_1043.JPEG,minibus
163,./webserver/static/train/minibus/n03769881_8573.JPEG,minibus
164,./webserver/static/train/minibus/n03769881_2483.JPEG,minibus
165,./webserver/static/train/minibus/n03769881_5168.JPEG,minibus
166,./webserver/static/train/minibus/n03769881_59.JPEG,minibus
167,./webserver/static/train/minibus/n03769881_10813.JPEG,minibus
168,./webserver/static/train/minibus/n03769881_8116.JPEG,minibus
169,./webserver/static/train/minibus/n03769881_619.JPEG,minibus
170,./webserver/static/train/toilet_seat/n04447861_9201.JPEG,toilet_seat
171,./webserver/static/train/toilet_seat/n04447861_11758.JPEG,toilet_seat
172,./webserver/static/train/toilet_seat/n04447861_1884.JPEG,toilet_seat
173,./webserver/static/train/toilet_seat/n04447861_1510.JPEG,toilet_seat
174,./webserver/static/train/toilet_seat/n04447861_6480.JPEG,toilet_seat
175,./webserver/static/train/toilet_seat/n04447861_18243.JPEG,toilet_seat
176,./webserver/static/train/toilet_seat/n04447861_454.JPEG,toilet_seat
177,./webserver/static/train/toilet_seat/n04447861_6808.JPEG,toilet_seat
178,./webserver/static/train/toilet_seat/n04447861_18719.JPEG,toilet_seat
179,./webserver/static/train/toilet_seat/n04447861_1614.JPEG,toilet_seat
180,./webserver/static/train/china_cabinet/n03018349_2404.JPEG,china_cabinet
181,./webserver/static/train/china_cabinet/n03018349_5674.JPEG,china_cabinet
182,./webserver/static/train/china_cabinet/n03018349_2119.JPEG,china_cabinet
183,./webserver/static/train/china_cabinet/n03018349_1038.JPEG,china_cabinet
184,./webserver/static/train/china_cabinet/n03018349_2665.JPEG,china_cabinet
185,./webserver/static/train/china_cabinet/n03018349_361.JPEG,china_cabinet
186,./webserver/static/train/china_cabinet/n03018349_20592.JPEG,china_cabinet
187,./webserver/static/train/china_cabinet/n03018349_2126.JPEG,china_cabinet
188,./webserver/static/train/china_cabinet/n03018349_4049.JPEG,china_cabinet
189,./webserver/static/train/china_cabinet/n03018349_13788.JPEG,china_cabinet
190,./webserver/static/train/standard_poodle/n02113799_1666.JPEG,standard_poodle
191,./webserver/static/train/standard_poodle/n02113799_1399.JPEG,standard_poodle
192,./webserver/static/train/standard_poodle/n02113799_6784.JPEG,standard_poodle
193,./webserver/static/train/standard_poodle/n02113799_7970.JPEG,standard_poodle
194,./webserver/static/train/standard_poodle/n02113799_15958.JPEG,standard_poodle
195,./webserver/static/train/standard_poodle/n02113799_9150.JPEG,standard_poodle
196,./webserver/static/train/standard_poodle/n02113799_9692.JPEG,standard_poodle
197,./webserver/static/train/standard_poodle/n02113799_671.JPEG,standard_poodle
198,./webserver/static/train/standard_poodle/n02113799_902.JPEG,standard_poodle
199,./webserver/static/train/standard_poodle/n02113799_3304.JPEG,standard_poodle
200,./webserver/static/train/ruffed_grouse/n01797886_5207.JPEG,ruffed_grouse
201,./webserver/static/train/ruffed_grouse/n01797886_10810.JPEG,ruffed_grouse
202,./webserver/static/train/ruffed_grouse/n01797886_17531.JPEG,ruffed_grouse
203,./webserver/static/train/ruffed_grouse/n01797886_6758.JPEG,ruffed_grouse
204,./webserver/static/train/ruffed_grouse/n01797886_17360.JPEG,ruffed_grouse
205,./webserver/static/train/ruffed_grouse/n01797886_6856.JPEG,ruffed_grouse
206,./webserver/static/train/ruffed_grouse/n01797886_13048.JPEG,ruffed_grouse
207,./webserver/static/train/ruffed_grouse/n01797886_20346.JPEG,ruffed_grouse
208,./webserver/static/train/ruffed_grouse/n01797886_55.JPEG,ruffed_grouse
209,./webserver/static/train/ruffed_grouse/n01797886_13537.JPEG,ruffed_grouse
210,./webserver/static/train/bannister/n02788148_94636.JPEG,bannister
211,./webserver/static/train/bannister/n02788148_10587.JPEG,bannister
212,./webserver/static/train/bannister/n02788148_64657.JPEG,bannister
213,./webserver/static/train/bannister/n02788148_607.JPEG,bannister
214,./webserver/static/train/bannister/n02788148_39278.JPEG,bannister
215,./webserver/static/train/bannister/n02788148_88795.JPEG,bannister
216,./webserver/static/train/bannister/n02788148_39611.JPEG,bannister
217,./webserver/static/train/bannister/n02788148_44881.JPEG,bannister
218,./webserver/static/train/bannister/n02788148_78830.JPEG,bannister
219,./webserver/static/train/bannister/n02788148_82451.JPEG,bannister
220,./webserver/static/train/Airedale/n02096051_8169.JPEG,Airedale
221,./webserver/static/train/Airedale/n02096051_5976.JPEG,Airedale
222,./webserver/static/train/Airedale/n02096051_8871.JPEG,Airedale
223,./webserver/static/train/Airedale/n02096051_7156.JPEG,Airedale
224,./webserver/static/train/Airedale/n02096051_4548.JPEG,Airedale
225,./webserver/static/train/Airedale/n02096051_2045.JPEG,Airedale
226,./webserver/static/train/Airedale/n02096051_1537.JPEG,Airedale
227,./webserver/static/train/Airedale/n02096051_910.JPEG,Airedale
228,./webserver/static/train/Airedale/n02096051_5821.JPEG,Airedale
229,./webserver/static/train/Airedale/n02096051_2773.JPEG,Airedale
230,./webserver/static/train/parachute/n03888257_31784.JPEG,parachute
231,./webserver/static/train/parachute/n03888257_9066.JPEG,parachute
232,./webserver/static/train/parachute/n03888257_52194.JPEG,parachute
233,./webserver/static/train/parachute/n03888257_4738.JPEG,parachute
234,./webserver/static/train/parachute/n03888257_13175.JPEG,parachute
235,./webserver/static/train/parachute/n03888257_19451.JPEG,parachute
236,./webserver/static/train/parachute/n03888257_63966.JPEG,parachute
237,./webserver/static/train/parachute/n03888257_22330.JPEG,parachute
238,./webserver/static/train/parachute/n03888257_25150.JPEG,parachute
239,./webserver/static/train/parachute/n03888257_2007.JPEG,parachute
240,./webserver/static/train/grocery_store/n03461385_76359.JPEG,grocery_store
241,./webserver/static/train/grocery_store/n03461385_49979.JPEG,grocery_store
242,./webserver/static/train/grocery_store/n03461385_107307.JPEG,grocery_store
243,./webserver/static/train/grocery_store/n03461385_11704.JPEG,grocery_store
244,./webserver/static/train/grocery_store/n03461385_3638.JPEG,grocery_store
245,./webserver/static/train/grocery_store/n03461385_72736.JPEG,grocery_store
246,./webserver/static/train/grocery_store/n03461385_9780.JPEG,grocery_store
247,./webserver/static/train/grocery_store/n03461385_16123.JPEG,grocery_store
248,./webserver/static/train/grocery_store/n03461385_71484.JPEG,grocery_store
249,./webserver/static/train/grocery_store/n03461385_31572.JPEG,grocery_store
250,./webserver/static/train/ambulance/n02701002_3315.JPEG,ambulance
251,./webserver/static/train/ambulance/n02701002_1264.JPEG,ambulance
252,./webserver/static/train/ambulance/n02701002_18950.JPEG,ambulance
253,./webserver/static/train/ambulance/n02701002_4047.JPEG,ambulance
254,./webserver/static/train/ambulance/n02701002_15786.JPEG,ambulance
255,./webserver/static/train/ambulance/n02701002_21621.JPEG,ambulance
256,./webserver/static/train/ambulance/n02701002_773.JPEG,ambulance
257,./webserver/static/train/ambulance/n02701002_11033.JPEG,ambulance
258,./webserver/static/train/ambulance/n02701002_2937.JPEG,ambulance
259,./webserver/static/train/ambulance/n02701002_17491.JPEG,ambulance
260,./webserver/static/train/chain_mail/n03000247_39409.JPEG,chain_mail
261,./webserver/static/train/chain_mail/n03000247_39575.JPEG,chain_mail
262,./webserver/static/train/chain_mail/n03000247_15536.JPEG,chain_mail
263,./webserver/static/train/chain_mail/n03000247_2521.JPEG,chain_mail
264,./webserver/static/train/chain_mail/n03000247_2356.JPEG,chain_mail
265,./webserver/static/train/chain_mail/n03000247_13057.JPEG,chain_mail
266,./webserver/static/train/chain_mail/n03000247_25442.JPEG,chain_mail
267,./webserver/static/train/chain_mail/n03000247_24733.JPEG,chain_mail
268,./webserver/static/train/chain_mail/n03000247_52398.JPEG,chain_mail
269,./webserver/static/train/chain_mail/n03000247_25999.JPEG,chain_mail
270,./webserver/static/train/lynx/n02127052_7004.JPEG,lynx
271,./webserver/static/train/lynx/n02127052_3830.JPEG,lynx
272,./webserver/static/train/lynx/n02127052_19993.JPEG,lynx
273,./webserver/static/train/lynx/n02127052_2768.JPEG,lynx
274,./webserver/static/train/lynx/n02127052_206.JPEG,lynx
275,./webserver/static/train/lynx/n02127052_9325.JPEG,lynx
276,./webserver/static/train/lynx/n02127052_433.JPEG,lynx
277,./webserver/static/train/lynx/n02127052_7657.JPEG,lynx
278,./webserver/static/train/lynx/n02127052_2874.JPEG,lynx
279,./webserver/static/train/lynx/n02127052_1944.JPEG,lynx
280,./webserver/static/train/scabbard/n04141327_1706.JPEG,scabbard
281,./webserver/static/train/scabbard/n04141327_7579.JPEG,scabbard
282,./webserver/static/train/scabbard/n04141327_5280.JPEG,scabbard
283,./webserver/static/train/scabbard/n04141327_15760.JPEG,scabbard
284,./webserver/static/train/scabbard/n04141327_3742.JPEG,scabbard
285,./webserver/static/train/scabbard/n04141327_2293.JPEG,scabbard
286,./webserver/static/train/scabbard/n04141327_736.JPEG,scabbard
287,./webserver/static/train/scabbard/n04141327_7195.JPEG,scabbard
288,./webserver/static/train/scabbard/n04141327_8694.JPEG,scabbard
289,./webserver/static/train/scabbard/n04141327_205.JPEG,scabbard
290,./webserver/static/train/steel_arch_bridge/n04311004_2061.JPEG,steel_arch_bridge
291,./webserver/static/train/steel_arch_bridge/n04311004_3754.JPEG,steel_arch_bridge
292,./webserver/static/train/steel_arch_bridge/n04311004_5455.JPEG,steel_arch_bridge
293,./webserver/static/train/steel_arch_bridge/n04311004_1657.JPEG,steel_arch_bridge
294,./webserver/static/train/steel_arch_bridge/n04311004_5405.JPEG,steel_arch_bridge
295,./webserver/static/train/steel_arch_bridge/n04311004_852.JPEG,steel_arch_bridge
296,./webserver/static/train/steel_arch_bridge/n04311004_39.JPEG,steel_arch_bridge
297,./webserver/static/train/steel_arch_bridge/n04311004_1649.JPEG,steel_arch_bridge
298,./webserver/static/train/steel_arch_bridge/n04311004_1868.JPEG,steel_arch_bridge
299,./webserver/static/train/steel_arch_bridge/n04311004_2606.JPEG,steel_arch_bridge
300,./webserver/static/train/can_opener/n02951585_24554.JPEG,can_opener
301,./webserver/static/train/can_opener/n02951585_8886.JPEG,can_opener
302,./webserver/static/train/can_opener/n02951585_21861.JPEG,can_opener
303,./webserver/static/train/can_opener/n02951585_2273.JPEG,can_opener
304,./webserver/static/train/can_opener/n02951585_2656.JPEG,can_opener
305,./webserver/static/train/can_opener/n02951585_24077.JPEG,can_opener
306,./webserver/static/train/can_opener/n02951585_32431.JPEG,can_opener
307,./webserver/static/train/can_opener/n02951585_11577.JPEG,can_opener
308,./webserver/static/train/can_opener/n02951585_20022.JPEG,can_opener
309,./webserver/static/train/can_opener/n02951585_26678.JPEG,can_opener
310,./webserver/static/train/harmonica/n03494278_32453.JPEG,harmonica
311,./webserver/static/train/harmonica/n03494278_29999.JPEG,harmonica
312,./webserver/static/train/harmonica/n03494278_28699.JPEG,harmonica
313,./webserver/static/train/harmonica/n03494278_36127.JPEG,harmonica
314,./webserver/static/train/harmonica/n03494278_30921.JPEG,harmonica
315,./webserver/static/train/harmonica/n03494278_44048.JPEG,harmonica
316,./webserver/static/train/harmonica/n03494278_40195.JPEG,harmonica
317,./webserver/static/train/harmonica/n03494278_38208.JPEG,harmonica
318,./webserver/static/train/harmonica/n03494278_22412.JPEG,harmonica
319,./webserver/static/train/harmonica/n03494278_1217.JPEG,harmonica
320,./webserver/static/train/pizza/n07873807_3782.JPEG,pizza
321,./webserver/static/train/pizza/n07873807_8160.JPEG,pizza
322,./webserver/static/train/pizza/n07873807_11460.JPEG,pizza
323,./webserver/static/train/pizza/n07873807_10533.JPEG,pizza
324,./webserver/static/train/pizza/n07873807_16319.JPEG,pizza
325,./webserver/static/train/pizza/n07873807_18099.JPEG,pizza
326,./webserver/static/train/pizza/n07873807_17663.JPEG,pizza
327,./webserver/static/train/pizza/n07873807_17467.JPEG,pizza
328,./webserver/static/train/pizza/n07873807_14045.JPEG,pizza
329,./webserver/static/train/pizza/n07873807_13842.JPEG,pizza
330,./webserver/static/train/junco/n01534433_28407.JPEG,junco
331,./webserver/static/train/junco/n01534433_8422.JPEG,junco
332,./webserver/static/train/junco/n01534433_20889.JPEG,junco
333,./webserver/static/train/junco/n01534433_7360.JPEG,junco
334,./webserver/static/train/junco/n01534433_14639.JPEG,junco
335,./webserver/static/train/junco/n01534433_2419.JPEG,junco
336,./webserver/static/train/junco/n01534433_15198.JPEG,junco
337,./webserver/static/train/junco/n01534433_10643.JPEG,junco
338,./webserver/static/train/junco/n01534433_8763.JPEG,junco
339,./webserver/static/train/junco/n01534433_1645.JPEG,junco
340,./webserver/static/train/oxcart/n03868242_6801.JPEG,oxcart
341,./webserver/static/train/oxcart/n03868242_3999.JPEG,oxcart
342,./webserver/static/train/oxcart/n03868242_12798.JPEG,oxcart
343,./webserver/static/train/oxcart/n03868242_5356.JPEG,oxcart
344,./webserver/static/train/oxcart/n03868242_7773.JPEG,oxcart
345,./webserver/static/train/oxcart/n03868242_8299.JPEG,oxcart
346,./webserver/static/train/oxcart/n03868242_5332.JPEG,oxcart
347,./webserver/static/train/oxcart/n03868242_2434.JPEG,oxcart
348,./webserver/static/train/oxcart/n03868242_2688.JPEG,oxcart
349,./webserver/static/train/oxcart/n03868242_10994.JPEG,oxcart
350,./webserver/static/train/vine_snake/n01739381_6957.JPEG,vine_snake
351,./webserver/static/train/vine_snake/n01739381_5304.JPEG,vine_snake
352,./webserver/static/train/vine_snake/n01739381_8415.JPEG,vine_snake
353,./webserver/static/train/vine_snake/n01739381_5091.JPEG,vine_snake
354,./webserver/static/train/vine_snake/n01739381_5377.JPEG,vine_snake
355,./webserver/static/train/vine_snake/n01739381_8940.JPEG,vine_snake
356,./webserver/static/train/vine_snake/n01739381_4075.JPEG,vine_snake
357,./webserver/static/train/vine_snake/n01739381_5245.JPEG,vine_snake
358,./webserver/static/train/vine_snake/n01739381_5263.JPEG,vine_snake
359,./webserver/static/train/vine_snake/n01739381_8285.JPEG,vine_snake
360,./webserver/static/train/orange/n07747607_18447.JPEG,orange
361,./webserver/static/train/orange/n07747607_8647.JPEG,orange
362,./webserver/static/train/orange/n07747607_3088.JPEG,orange
363,./webserver/static/train/orange/n07747607_10110.JPEG,orange
364,./webserver/static/train/orange/n07747607_41539.JPEG,orange
365,./webserver/static/train/orange/n07747607_11140.JPEG,orange
366,./webserver/static/train/orange/n07747607_11283.JPEG,orange
367,./webserver/static/train/orange/n07747607_67457.JPEG,orange
368,./webserver/static/train/orange/n07747607_24556.JPEG,orange
369,./webserver/static/train/orange/n07747607_2102.JPEG,orange
370,./webserver/static/train/tub/n04493381_11325.JPEG,tub
371,./webserver/static/train/tub/n04493381_3606.JPEG,tub
372,./webserver/static/train/tub/n04493381_2512.JPEG,tub
373,./webserver/static/train/tub/n04493381_4746.JPEG,tub
374,./webserver/static/train/tub/n04493381_20052.JPEG,tub
375,./webserver/static/train/tub/n04493381_42891.JPEG,tub
376,./webserver/static/train/tub/n04493381_75991.JPEG,tub
377,./webserver/static/train/tub/n04493381_14968.JPEG,tub
378,./webserver/static/train/tub/n04493381_14741.JPEG,tub
379,./webserver/static/train/tub/n04493381_294.JPEG,tub
380,./webserver/static/train/black_widow/n01774384_11467.JPEG,black_widow
381,./webserver/static/train/black_widow/n01774384_20649.JPEG,black_widow
382,./webserver/static/train/black_widow/n01774384_1624.JPEG,black_widow
383,./webserver/static/train/black_widow/n01774384_103.JPEG,black_widow
384,./webserver/static/train/black_widow/n01774384_816.JPEG,black_widow
385,./webserver/static/train/black_widow/n01774384_14123.JPEG,black_widow
386,./webserver/static/train/black_widow/n01774384_15360.JPEG,black_widow
387,./webserver/static/train/black_widow/n01774384_15871.JPEG,black_widow
388,./webserver/static/train/black_widow/n01774384_6247.JPEG,black_widow
389,./webserver/static/train/black_widow/n01774384_14555.JPEG,black_widow
390,./webserver/static/train/holster/n03527444_11096.JPEG,holster
391,./webserver/static/train/holster/n03527444_20303.JPEG,holster
392,./webserver/static/train/holster/n03527444_8155.JPEG,holster
393,./webserver/static/train/holster/n03527444_11055.JPEG,holster
394,./webserver/static/train/holster/n03527444_693.JPEG,holster
395,./webserver/static/train/holster/n03527444_18529.JPEG,holster
396,./webserver/static/train/holster/n03527444_26895.JPEG,holster
397,./webserver/static/train/holster/n03527444_1273.JPEG,holster
398,./webserver/static/train/holster/n03527444_4695.JPEG,holster
399,./webserver/static/train/holster/n03527444_1270.JPEG,holster
400,./webserver/static/train/guillotine/n03467068_11806.JPEG,guillotine
401,./webserver/static/train/guillotine/n03467068_7645.JPEG,guillotine
402,./webserver/static/train/guillotine/n03467068_12566.JPEG,guillotine
403,./webserver/static/train/guillotine/n03467068_27478.JPEG,guillotine
404,./webserver/static/train/guillotine/n03467068_8369.JPEG,guillotine
405,./webserver/static/train/guillotine/n03467068_8323.JPEG,guillotine
406,./webserver/static/train/guillotine/n03467068_27538.JPEG,guillotine
407,./webserver/static/train/guillotine/n03467068_11567.JPEG,guillotine
408,./webserver/static/train/guillotine/n03467068_9387.JPEG,guillotine
409,./webserver/static/train/guillotine/n03467068_6095.JPEG,guillotine
410,./webserver/static/train/capuchin/n02492035_6519.JPEG,capuchin
411,./webserver/static/train/capuchin/n02492035_6886.JPEG,capuchin
412,./webserver/static/train/capuchin/n02492035_3368.JPEG,capuchin
413,./webserver/static/train/capuchin/n02492035_2004.JPEG,capuchin
414,./webserver/static/train/capuchin/n02492035_16730.JPEG,capuchin
415,./webserver/static/train/capuchin/n02492035_1540.JPEG,capuchin
416,./webserver/static/train/capuchin/n02492035_9238.JPEG,capuchin
417,./webserver/static/train/capuchin/n02492035_16843.JPEG,capuchin
418,./webserver/static/train/capuchin/n02492035_4327.JPEG,capuchin
419,./webserver/static/train/capuchin/n02492035_12948.JPEG,capuchin
420,./webserver/static/train/theater_curtain/n04418357_2763.JPEG,theater_curtain
421,./webserver/static/train/theater_curtain/n04418357_3797.JPEG,theater_curtain
422,./webserver/static/train/theater_curtain/n04418357_10216.JPEG,theater_curtain
423,./webserver/static/train/theater_curtain/n04418357_2340.JPEG,theater_curtain
424,./webserver/static/train/theater_curtain/n04418357_15897.JPEG,theater_curtain
425,./webserver/static/train/theater_curtain/n04418357_13381.JPEG,theater_curtain
426,./webserver/static/train/theater_curtain/n04418357_7252.JPEG,theater_curtain
427,./webserver/static/train/theater_curtain/n04418357_5013.JPEG,theater_curtain
428,./webserver/static/train/theater_curtain/n04418357_5669.JPEG,theater_curtain
429,./webserver/static/train/theater_curtain/n04418357_27939.JPEG,theater_curtain
430,./webserver/static/train/castle/n02980441_4309.JPEG,castle
431,./webserver/static/train/castle/n02980441_2252.JPEG,castle
432,./webserver/static/train/castle/n02980441_2971.JPEG,castle
433,./webserver/static/train/castle/n02980441_2391.JPEG,castle
434,./webserver/static/train/castle/n02980441_16692.JPEG,castle
435,./webserver/static/train/castle/n02980441_5253.JPEG,castle
436,./webserver/static/train/castle/n02980441_1399.JPEG,castle
437,./webserver/static/train/castle/n02980441_11635.JPEG,castle
438,./webserver/static/train/castle/n02980441_9457.JPEG,castle
439,./webserver/static/train/castle/n02980441_37573.JPEG,castle
440,./webserver/static/train/yawl/n04612504_15562.JPEG,yawl
441,./webserver/static/train/yawl/n04612504_8235.JPEG,yawl
442,./webserver/static/train/yawl/n04612504_34550.JPEG,yawl
443,./webserver/static/train/yawl/n04612504_2395.JPEG,yawl
444,./webserver/static/train/yawl/n04612504_186.JPEG,yawl
445,./webserver/static/train/yawl/n04612504_7540.JPEG,yawl
446,./webserver/static/train/yawl/n04612504_8245.JPEG,yawl
447,./webserver/static/train/yawl/n04612504_10666.JPEG,yawl
448,./webserver/static/train/yawl/n04612504_8870.JPEG,yawl
449,./webserver/static/train/yawl/n04612504_27200.JPEG,yawl
450,./webserver/static/train/toyshop/n04462240_3125.JPEG,toyshop
451,./webserver/static/train/toyshop/n04462240_10500.JPEG,toyshop
452,./webserver/static/train/toyshop/n04462240_11243.JPEG,toyshop
453,./webserver/static/train/toyshop/n04462240_9345.JPEG,toyshop
454,./webserver/static/train/toyshop/n04462240_7857.JPEG,toyshop
455,./webserver/static/train/toyshop/n04462240_19758.JPEG,toyshop
456,./webserver/static/train/toyshop/n04462240_10881.JPEG,toyshop
457,./webserver/static/train/toyshop/n04462240_9378.JPEG,toyshop
458,./webserver/static/train/toyshop/n04462240_10035.JPEG,toyshop
459,./webserver/static/train/toyshop/n04462240_20602.JPEG,toyshop
460,./webserver/static/train/meat_loaf/n07871810_6975.JPEG,meat_loaf
461,./webserver/static/train/meat_loaf/n07871810_16025.JPEG,meat_loaf
462,./webserver/static/train/meat_loaf/n07871810_14754.JPEG,meat_loaf
463,./webserver/static/train/meat_loaf/n07871810_13375.JPEG,meat_loaf
464,./webserver/static/train/meat_loaf/n07871810_4095.JPEG,meat_loaf
465,./webserver/static/train/meat_loaf/n07871810_2072.JPEG,meat_loaf
466,./webserver/static/train/meat_loaf/n07871810_26759.JPEG,meat_loaf
467,./webserver/static/train/meat_loaf/n07871810_14521.JPEG,meat_loaf
468,./webserver/static/train/meat_loaf/n07871810_3404.JPEG,meat_loaf
469,./webserver/static/train/meat_loaf/n07871810_5636.JPEG,meat_loaf
470,./webserver/static/train/cornet/n03110669_113223.JPEG,cornet
471,./webserver/static/train/cornet/n03110669_96496.JPEG,cornet
472,./webserver/static/train/cornet/n03110669_96993.JPEG,cornet
473,./webserver/static/train/cornet/n03110669_109985.JPEG,cornet
474,./webserver/static/train/cornet/n03110669_116887.JPEG,cornet
475,./webserver/static/train/cornet/n03110669_14570.JPEG,cornet
476,./webserver/static/train/cornet/n03110669_95746.JPEG,cornet
477,./webserver/static/train/cornet/n03110669_90417.JPEG,cornet
478,./webserver/static/train/cornet/n03110669_90221.JPEG,cornet
479,./webserver/static/train/cornet/n03110669_26855.JPEG,cornet
480,./webserver/static/train/American_egret/n02009912_16896.JPEG,American_egret
481,./webserver/static/train/American_egret/n02009912_13895.JPEG,American_egret
482,./webserver/static/train/American_egret/n02009912_7609.JPEG,American_egret
483,./webserver/static/train/American_egret/n02009912_1358.JPEG,American_egret
484,./webserver/static/train/American_egret/n02009912_36395.JPEG,American_egret
485,./webserver/static/train/American_egret/n02009912_4403.JPEG,American_egret
486,./webserver/static/train/American_egret/n02009912_5700.JPEG,American_egret
487,./webserver/static/train/American_egret/n02009912_8563.JPEG,American_egret
488,./webserver/static/train/American_egret/n02009912_15872.JPEG,American_egret
489,./webserver/static/train/American_egret/n02009912_26245.JPEG,American_egret
490,./webserver/static/train/basketball/n02802426_8222.JPEG,basketball
491,./webserver/static/train/basketball/n02802426_3881.JPEG,basketball
492,./webserver/static/train/basketball/n02802426_12191.JPEG,basketball
493,./webserver/static/train/basketball/n02802426_12782.JPEG,basketball
494,./webserver/static/train/basketball/n02802426_10137.JPEG,basketball
495,./webserver/static/train/basketball/n02802426_9952.JPEG,basketball
496,./webserver/static/train/basketball/n02802426_26718.JPEG,basketball
497,./webserver/static/train/basketball/n02802426_7726.JPEG,basketball
498,./webserver/static/train/basketball/n02802426_24958.JPEG,basketball
499,./webserver/static/train/basketball/n02802426_7656.JPEG,basketball
500,./webserver/static/train/Doberman/n02107142_49242.JPEG,Doberman
501,./webserver/static/train/Doberman/n02107142_47697.JPEG,Doberman
502,./webserver/static/train/Doberman/n02107142_24759.JPEG,Doberman
503,./webserver/static/train/Doberman/n02107142_1596.JPEG,Doberman
504,./webserver/static/train/Doberman/n02107142_3654.JPEG,Doberman
505,./webserver/static/train/Doberman/n02107142_14933.JPEG,Doberman
506,./webserver/static/train/Doberman/n02107142_4753.JPEG,Doberman
507,./webserver/static/train/Doberman/n02107142_32921.JPEG,Doberman
508,./webserver/static/train/Doberman/n02107142_3428.JPEG,Doberman
509,./webserver/static/train/Doberman/n02107142_10381.JPEG,Doberman
510,./webserver/static/train/barn_spider/n01773549_5064.JPEG,barn_spider
511,./webserver/static/train/barn_spider/n01773549_701.JPEG,barn_spider
512,./webserver/static/train/barn_spider/n01773549_6669.JPEG,barn_spider
513,./webserver/static/train/barn_spider/n01773549_711.JPEG,barn_spider
514,./webserver/static/train/barn_spider/n01773549_2675.JPEG,barn_spider
515,./webserver/static/train/barn_spider/n01773549_2680.JPEG,barn_spider
516,./webserver/static/train/barn_spider/n01773549_7649.JPEG,barn_spider
517,./webserver/static/train/barn_spider/n01773549_6399.JPEG,barn_spider
518,./webserver/static/train/barn_spider/n01773549_4242.JPEG,barn_spider
519,./webserver/static/train/barn_spider/n01773549_10106.JPEG,barn_spider
520,./webserver/static/train/ski_mask/n04229816_6821.JPEG,ski_mask
521,./webserver/static/train/ski_mask/n04229816_2711.JPEG,ski_mask
522,./webserver/static/train/ski_mask/n04229816_10284.JPEG,ski_mask
523,./webserver/static/train/ski_mask/n04229816_651.JPEG,ski_mask
524,./webserver/static/train/ski_mask/n04229816_1455.JPEG,ski_mask
525,./webserver/static/train/ski_mask/n04229816_10630.JPEG,ski_mask
526,./webserver/static/train/ski_mask/n04229816_1710.JPEG,ski_mask
527,./webserver/static/train/ski_mask/n04229816_2060.JPEG,ski_mask
528,./webserver/static/train/ski_mask/n04229816_2536.JPEG,ski_mask
529,./webserver/static/train/ski_mask/n04229816_15865.JPEG,ski_mask
530,./webserver/static/train/wombat/n01883070_4202.JPEG,wombat
531,./webserver/static/train/wombat/n01883070_3170.JPEG,wombat
532,./webserver/static/train/wombat/n01883070_1689.JPEG,wombat
533,./webserver/static/train/wombat/n01883070_1013.JPEG,wombat
534,./webserver/static/train/wombat/n01883070_809.JPEG,wombat
535,./webserver/static/train/wombat/n01883070_2167.JPEG,wombat
536,./webserver/static/train/wombat/n01883070_7363.JPEG,wombat
537,./webserver/static/train/wombat/n01883070_7142.JPEG,wombat
538,./webserver/static/train/wombat/n01883070_7273.JPEG,wombat
539,./webserver/static/train/wombat/n01883070_26704.JPEG,wombat
540,./webserver/static/train/bullet_train/n02917067_1400.JPEG,bullet_train
541,./webserver/static/train/bullet_train/n02917067_5222.JPEG,bullet_train
542,./webserver/static/train/bullet_train/n02917067_12752.JPEG,bullet_train
543,./webserver/static/train/bullet_train/n02917067_7539.JPEG,bullet_train
544,./webserver/static/train/bullet_train/n02917067_3151.JPEG,bullet_train
545,./webserver/static/train/bullet_train/n02917067_18140.JPEG,bullet_train
546,./webserver/static/train/bullet_train/n02917067_18877.JPEG,bullet_train
547,./webserver/static/train/bullet_train/n02917067_13196.JPEG,bullet_train
548,./webserver/static/train/bullet_train/n02917067_4363.JPEG,bullet_train
549,./webserver/static/train/bullet_train/n02917067_12974.JPEG,bullet_train
550,./webserver/static/train/combination_lock/n03075370_692.JPEG,combination_lock
551,./webserver/static/train/combination_lock/n03075370_8983.JPEG,combination_lock
552,./webserver/static/train/combination_lock/n03075370_10043.JPEG,combination_lock
553,./webserver/static/train/combination_lock/n03075370_17182.JPEG,combination_lock
554,./webserver/static/train/combination_lock/n03075370_4191.JPEG,combination_lock
555,./webserver/static/train/combination_lock/n03075370_2458.JPEG,combination_lock
556,./webserver/static/train/combination_lock/n03075370_10465.JPEG,combination_lock
557,./webserver/static/train/combination_lock/n03075370_2495.JPEG,combination_lock
558,./webserver/static/train/combination_lock/n03075370_9291.JPEG,combination_lock
559,./webserver/static/train/combination_lock/n03075370_5574.JPEG,combination_lock
560,./webserver/static/train/hen-of-the-woods/n13052670_908.JPEG,hen-of-the-woods
561,./webserver/static/train/hen-of-the-woods/n13052670_10745.JPEG,hen-of-the-woods
562,./webserver/static/train/hen-of-the-woods/n13052670_9006.JPEG,hen-of-the-woods
563,./webserver/static/train/hen-of-the-woods/n13052670_10016.JPEG,hen-of-the-woods
564,./webserver/static/train/hen-of-the-woods/n13052670_3174.JPEG,hen-of-the-woods
565,./webserver/static/train/hen-of-the-woods/n13052670_2293.JPEG,hen-of-the-woods
566,./webserver/static/train/hen-of-the-woods/n13052670_7351.JPEG,hen-of-the-woods
567,./webserver/static/train/hen-of-the-woods/n13052670_4393.JPEG,hen-of-the-woods
568,./webserver/static/train/hen-of-the-woods/n13052670_11022.JPEG,hen-of-the-woods
569,./webserver/static/train/hen-of-the-woods/n13052670_7510.JPEG,hen-of-the-woods
570,./webserver/static/train/Lakeland_terrier/n02095570_2569.JPEG,Lakeland_terrier
571,./webserver/static/train/Lakeland_terrier/n02095570_12040.JPEG,Lakeland_terrier
572,./webserver/static/train/Lakeland_terrier/n02095570_5456.JPEG,Lakeland_terrier
573,./webserver/static/train/Lakeland_terrier/n02095570_4.JPEG,Lakeland_terrier
574,./webserver/static/train/Lakeland_terrier/n02095570_1055.JPEG,Lakeland_terrier
575,./webserver/static/train/Lakeland_terrier/n02095570_1026.JPEG,Lakeland_terrier
576,./webserver/static/train/Lakeland_terrier/n02095570_2664.JPEG,Lakeland_terrier
577,./webserver/static/train/Lakeland_terrier/n02095570_866.JPEG,Lakeland_terrier
578,./webserver/static/train/Lakeland_terrier/n02095570_5689.JPEG,Lakeland_terrier
579,./webserver/static/train/Lakeland_terrier/n02095570_11204.JPEG,Lakeland_terrier
580,./webserver/static/train/steam_locomotive/n04310018_3057.JPEG,steam_locomotive
581,./webserver/static/train/steam_locomotive/n04310018_10624.JPEG,steam_locomotive
582,./webserver/static/train/steam_locomotive/n04310018_21399.JPEG,steam_locomotive
583,./webserver/static/train/steam_locomotive/n04310018_11226.JPEG,steam_locomotive
584,./webserver/static/train/steam_locomotive/n04310018_1057.JPEG,steam_locomotive
585,./webserver/static/train/steam_locomotive/n04310018_10497.JPEG,steam_locomotive
586,./webserver/static/train/steam_locomotive/n04310018_18259.JPEG,steam_locomotive
587,./webserver/static/train/steam_locomotive/n04310018_9654.JPEG,steam_locomotive
588,./webserver/static/train/steam_locomotive/n04310018_5560.JPEG,steam_locomotive
589,./webserver/static/train/steam_locomotive/n04310018_2977.JPEG,steam_locomotive
590,./webserver/static/train/malamute/n02110063_6369.JPEG,malamute
591,./webserver/static/train/malamute/n02110063_1894.JPEG,malamute
592,./webserver/static/train/malamute/n02110063_13179.JPEG,malamute
593,./webserver/static/train/malamute/n02110063_1643.JPEG,malamute
594,./webserver/static/train/malamute/n02110063_12768.JPEG,malamute
595,./webserver/static/train/malamute/n02110063_10718.JPEG,malamute
596,./webserver/static/train/malamute/n02110063_5791.JPEG,malamute
597,./webserver/static/train/malamute/n02110063_15025.JPEG,malamute
598,./webserver/static/train/malamute/n02110063_16693.JPEG,malamute
599,./webserver/static/train/malamute/n02110063_13791.JPEG,malamute
600,./webserver/static/train/apiary/n02727426_39745.JPEG,apiary
601,./webserver/static/train/apiary/n02727426_40972.JPEG,apiary
602,./webserver/static/train/apiary/n02727426_7944.JPEG,apiary
603,./webserver/static/train/apiary/n02727426_19218.JPEG,apiary
604,./webserver/static/train/apiary/n02727426_25725.JPEG,apiary
605,./webserver/static/train/apiary/n02727426_14658.JPEG,apiary
606,./webserver/static/train/apiary/n02727426_25274.JPEG,apiary
607,./webserver/static/train/apiary/n02727426_39714.JPEG,apiary
608,./webserver/static/train/apiary/n02727426_948.JPEG,apiary
609,./webserver/static/train/apiary/n02727426_23991.JPEG,apiary
610,./webserver/static/train/soft-coated_wheaten_terrier/n02098105_2694.JPEG,soft-coated_wheaten_terrier
611,./webserver/static/train/soft-coated_wheaten_terrier/n02098105_6619.JPEG,soft-coated_wheaten_terrier
612,./webserver/static/train/soft-coated_wheaten_terrier/n02098105_400.JPEG,soft-coated_wheaten_terrier
613,./webserver/static/train/soft-coated_wheaten_terrier/n02098105_7399.JPEG,soft-coated_wheaten_terrier
614,./webserver/static/train/soft-coated_wheaten_terrier/n02098105_3817.JPEG,soft-coated_wheaten_terrier
615,./webserver/static/train/soft-coated_wheaten_terrier/n02098105_2738.JPEG,soft-coated_wheaten_terrier
616,./webserver/static/train/soft-coated_wheaten_terrier/n02098105_7735.JPEG,soft-coated_wheaten_terrier
617,./webserver/static/train/soft-coated_wheaten_terrier/n02098105_82.JPEG,soft-coated_wheaten_terrier
618,./webserver/static/train/soft-coated_wheaten_terrier/n02098105_4186.JPEG,soft-coated_wheaten_terrier
619,./webserver/static/train/soft-coated_wheaten_terrier/n02098105_1298.JPEG,soft-coated_wheaten_terrier
620,./webserver/static/train/rocking_chair/n04099969_7573.JPEG,rocking_chair
621,./webserver/static/train/rocking_chair/n04099969_8873.JPEG,rocking_chair
622,./webserver/static/train/rocking_chair/n04099969_13491.JPEG,rocking_chair
623,./webserver/static/train/rocking_chair/n04099969_499.JPEG,rocking_chair
624,./webserver/static/train/rocking_chair/n04099969_875.JPEG,rocking_chair
625,./webserver/static/train/rocking_chair/n04099969_56024.JPEG,rocking_chair
626,./webserver/static/train/rocking_chair/n04099969_3551.JPEG,rocking_chair
627,./webserver/static/train/rocking_chair/n04099969_8922.JPEG,rocking_chair
628,./webserver/static/train/rocking_chair/n04099969_594.JPEG,rocking_chair
629,./webserver/static/train/rocking_chair/n04099969_6704.JPEG,rocking_chair
630,./webserver/static/train/conch/n01943899_25636.JPEG,conch
631,./webserver/static/train/conch/n01943899_9228.JPEG,conch
632,./webserver/static/train/conch/n01943899_8645.JPEG,conch
633,./webserver/static/train/conch/n01943899_21809.JPEG,conch
634,./webserver/static/train/conch/n01943899_798.JPEG,conch
635,./webserver/static/train/conch/n01943899_15897.JPEG,conch
636,./webserver/static/train/conch/n01943899_29692.JPEG,conch
637,./webserver/static/train/conch/n01943899_24635.JPEG,conch
638,./webserver/static/train/conch/n01943899_31504.JPEG,conch
639,./webserver/static/train/conch/n01943899_20930.JPEG,conch
640,./webserver/static/train/goldfish/n01443537_1415.JPEG,goldfish
641,./webserver/static/train/goldfish/n01443537_2637.JPEG,goldfish
642,./webserver/static/train/goldfish/n01443537_19638.JPEG,goldfish
643,./webserver/static/train/goldfish/n01443537_2819.JPEG,goldfish
644,./webserver/static/train/goldfish/n01443537_13189.JPEG,goldfish
645,./webserver/static/train/goldfish/n01443537_6743.JPEG,goldfish
646,./webserver/static/train/goldfish/n01443537_9816.JPEG,goldfish
647,./webserver/static/train/goldfish/n01443537_7751.JPEG,goldfish
648,./webserver/static/train/goldfish/n01443537_1903.JPEG,goldfish
649,./webserver/static/train/goldfish/n01443537_7376.JPEG,goldfish
650,./webserver/static/train/pinwheel/n03944341_11616.JPEG,pinwheel
651,./webserver/static/train/pinwheel/n03944341_8459.JPEG,pinwheel
652,./webserver/static/train/pinwheel/n03944341_26420.JPEG,pinwheel
653,./webserver/static/train/pinwheel/n03944341_10404.JPEG,pinwheel
654,./webserver/static/train/pinwheel/n03944341_8927.JPEG,pinwheel
655,./webserver/static/train/pinwheel/n03944341_3596.JPEG,pinwheel
656,./webserver/static/train/pinwheel/n03944341_12662.JPEG,pinwheel
657,./webserver/static/train/pinwheel/n03944341_23306.JPEG,pinwheel
658,./webserver/static/train/pinwheel/n03944341_8723.JPEG,pinwheel
659,./webserver/static/train/pinwheel/n03944341_20143.JPEG,pinwheel
660,./webserver/static/train/flamingo/n02007558_20648.JPEG,flamingo
661,./webserver/static/train/flamingo/n02007558_9853.JPEG,flamingo
662,./webserver/static/train/flamingo/n02007558_447.JPEG,flamingo
663,./webserver/static/train/flamingo/n02007558_21569.JPEG,flamingo
664,./webserver/static/train/flamingo/n02007558_20192.JPEG,flamingo
665,./webserver/static/train/flamingo/n02007558_12173.JPEG,flamingo
666,./webserver/static/train/flamingo/n02007558_851.JPEG,flamingo
667,./webserver/static/train/flamingo/n02007558_12417.JPEG,flamingo
668,./webserver/static/train/flamingo/n02007558_2788.JPEG,flamingo
669,./webserver/static/train/flamingo/n02007558_22601.JPEG,flamingo
670,./webserver/static/train/bottlecap/n02877765_2683.JPEG,bottlecap
671,./webserver/static/train/bottlecap/n02877765_1596.JPEG,bottlecap
672,./webserver/static/train/bottlecap/n02877765_3458.JPEG,bottlecap
673,./webserver/static/train/bottlecap/n02877765_15035.JPEG,bottlecap
674,./webserver/static/train/bottlecap/n02877765_747.JPEG,bottlecap
675,./webserver/static/train/bottlecap/n02877765_5062.JPEG,bottlecap
676,./webserver/static/train/bottlecap/n02877765_3444.JPEG,bottlecap
677,./webserver/static/train/bottlecap/n02877765_1667.JPEG,bottlecap
678,./webserver/static/train/bottlecap/n02877765_8325.JPEG,bottlecap
679,./webserver/static/train/bottlecap/n02877765_15252.JPEG,bottlecap
680,./webserver/static/train/banana/n07753592_16664.JPEG,banana
681,./webserver/static/train/banana/n07753592_928.JPEG,banana
682,./webserver/static/train/banana/n07753592_6547.JPEG,banana
683,./webserver/static/train/banana/n07753592_14549.JPEG,banana
684,./webserver/static/train/banana/n07753592_6305.JPEG,banana
685,./webserver/static/train/banana/n07753592_5795.JPEG,banana
686,./webserver/static/train/banana/n07753592_3043.JPEG,banana
687,./webserver/static/train/banana/n07753592_7688.JPEG,banana
688,./webserver/static/train/banana/n07753592_18.JPEG,banana
689,./webserver/static/train/banana/n07753592_7724.JPEG,banana
690,./webserver/static/train/half_track/n03478589_4082.JPEG,half_track
691,./webserver/static/train/half_track/n03478589_17043.JPEG,half_track
692,./webserver/static/train/half_track/n03478589_18009.JPEG,half_track
693,./webserver/static/train/half_track/n03478589_5996.JPEG,half_track
694,./webserver/static/train/half_track/n03478589_5494.JPEG,half_track
695,./webserver/static/train/half_track/n03478589_1496.JPEG,half_track
696,./webserver/static/train/half_track/n03478589_2915.JPEG,half_track
697,./webserver/static/train/half_track/n03478589_10611.JPEG,half_track
698,./webserver/static/train/half_track/n03478589_1587.JPEG,half_track
699,./webserver/static/train/half_track/n03478589_18464.JPEG,half_track
700,./webserver/static/train/killer_whale/n02071294_30243.JPEG,killer_whale
701,./webserver/static/train/killer_whale/n02071294_4346.JPEG,killer_whale
702,./webserver/static/train/killer_whale/n02071294_3626.JPEG,killer_whale
703,./webserver/static/train/killer_whale/n02071294_24318.JPEG,killer_whale
704,./webserver/static/train/killer_whale/n02071294_282.JPEG,killer_whale
705,./webserver/static/train/killer_whale/n02071294_3473.JPEG,killer_whale
706,./webserver/static/train/killer_whale/n02071294_2300.JPEG,killer_whale
707,./webserver/static/train/killer_whale/n02071294_22428.JPEG,killer_whale
708,./webserver/static/train/killer_whale/n02071294_7339.JPEG,killer_whale
709,./webserver/static/train/killer_whale/n02071294_263.JPEG,killer_whale
710,./webserver/static/train/ram/n02412080_15004.JPEG,ram
711,./webserver/static/train/ram/n02412080_17733.JPEG,ram
712,./webserver/static/train/ram/n02412080_7360.JPEG,ram
713,./webserver/static/train/ram/n02412080_14527.JPEG,ram
714,./webserver/static/train/ram/n02412080_14052.JPEG,ram
715,./webserver/static/train/ram/n02412080_43949.JPEG,ram
716,./webserver/static/train/ram/n02412080_16805.JPEG,ram
717,./webserver/static/train/ram/n02412080_60778.JPEG,ram
718,./webserver/static/train/ram/n02412080_42757.JPEG,ram
719,./webserver/static/train/ram/n02412080_254.JPEG,ram
720,./webserver/static/train/traffic_light/n06874185_27019.JPEG,traffic_light
721,./webserver/static/train/traffic_light/n06874185_24794.JPEG,traffic_light
722,./webserver/static/train/traffic_light/n06874185_46438.JPEG,traffic_light
723,./webserver/static/train/traffic_light/n06874185_28879.JPEG,traffic_light
724,./webserver/static/train/traffic_light/n06874185_10683.JPEG,traffic_light
725,./webserver/static/train/traffic_light/n06874185_15185.JPEG,traffic_light
726,./webserver/static/train/traffic_light/n06874185_41952.JPEG,traffic_light
727,./webserver/static/train/traffic_light/n06874185_5700.JPEG,traffic_light
728,./webserver/static/train/traffic_light/n06874185_9917.JPEG,traffic_light
729,./webserver/static/train/traffic_light/n06874185_23893.JPEG,traffic_light
730,./webserver/static/train/tiger_cat/n02123159_509.JPEG,tiger_cat
731,./webserver/static/train/tiger_cat/n02123159_6064.JPEG,tiger_cat
732,./webserver/static/train/tiger_cat/n02123159_7386.JPEG,tiger_cat
733,./webserver/static/train/tiger_cat/n02123159_5205.JPEG,tiger_cat
734,./webserver/static/train/tiger_cat/n02123159_6208.JPEG,tiger_cat
735,./webserver/static/train/tiger_cat/n02123159_4249.JPEG,tiger_cat
736,./webserver/static/train/tiger_cat/n02123159_1389.JPEG,tiger_cat
737,./webserver/static/train/tiger_cat/n02123159_2317.JPEG,tiger_cat
738,./webserver/static/train/tiger_cat/n02123159_6503.JPEG,tiger_cat
739,./webserver/static/train/tiger_cat/n02123159_6104.JPEG,tiger_cat
740,./webserver/static/train/African_crocodile/n01697457_18587.JPEG,African_crocodile
741,./webserver/static/train/African_crocodile/n01697457_104.JPEG,African_crocodile
742,./webserver/static/train/African_crocodile/n01697457_85.JPEG,African_crocodile
743,./webserver/static/train/African_crocodile/n01697457_260.JPEG,African_crocodile
744,./webserver/static/train/African_crocodile/n01697457_14906.JPEG,African_crocodile
745,./webserver/static/train/African_crocodile/n01697457_10393.JPEG,African_crocodile
746,./webserver/static/train/African_crocodile/n01697457_5586.JPEG,African_crocodile
747,./webserver/static/train/African_crocodile/n01697457_8331.JPEG,African_crocodile
748,./webserver/static/train/African_crocodile/n01697457_8136.JPEG,African_crocodile
749,./webserver/static/train/African_crocodile/n01697457_1331.JPEG,African_crocodile
750,./webserver/static/train/turnstile/n04501370_448.JPEG,turnstile
751,./webserver/static/train/turnstile/n04501370_7431.JPEG,turnstile
752,./webserver/static/train/turnstile/n04501370_13336.JPEG,turnstile
753,./webserver/static/train/turnstile/n04501370_2767.JPEG,turnstile
754,./webserver/static/train/turnstile/n04501370_3474.JPEG,turnstile
755,./webserver/static/train/turnstile/n04501370_836.JPEG,turnstile
756,./webserver/static/train/turnstile/n04501370_15603.JPEG,turnstile
757,./webserver/static/train/turnstile/n04501370_6920.JPEG,turnstile
758,./webserver/static/train/turnstile/n04501370_1869.JPEG,turnstile
759,./webserver/static/train/turnstile/n04501370_576.JPEG,turnstile
760,./webserver/static/train/red-backed_sandpiper/n02027492_10068.JPEG,red-backed_sandpiper
761,./webserver/static/train/red-backed_sandpiper/n02027492_5299.JPEG,red-backed_sandpiper
762,./webserver/static/train/red-backed_sandpiper/n02027492_3063.JPEG,red-backed_sandpiper
763,./webserver/static/train/red-backed_sandpiper/n02027492_5565.JPEG,red-backed_sandpiper
764,./webserver/static/train/red-backed_sandpiper/n02027492_7527.JPEG,red-backed_sandpiper
765,./webserver/static/train/red-backed_sandpiper/n02027492_3159.JPEG,red-backed_sandpiper
766,./webserver/static/train/red-backed_sandpiper/n02027492_2371.JPEG,red-backed_sandpiper
767,./webserver/static/train/red-backed_sandpiper/n02027492_4687.JPEG,red-backed_sandpiper
768,./webserver/static/train/red-backed_sandpiper/n02027492_361.JPEG,red-backed_sandpiper
769,./webserver/static/train/red-backed_sandpiper/n02027492_5055.JPEG,red-backed_sandpiper
770,./webserver/static/train/typewriter_keyboard/n04505470_510.JPEG,typewriter_keyboard
771,./webserver/static/train/typewriter_keyboard/n04505470_3558.JPEG,typewriter_keyboard
772,./webserver/static/train/typewriter_keyboard/n04505470_5019.JPEG,typewriter_keyboard
773,./webserver/static/train/typewriter_keyboard/n04505470_3207.JPEG,typewriter_keyboard
774,./webserver/static/train/typewriter_keyboard/n04505470_2093.JPEG,typewriter_keyboard
775,./webserver/static/train/typewriter_keyboard/n04505470_4507.JPEG,typewriter_keyboard
776,./webserver/static/train/typewriter_keyboard/n04505470_387.JPEG,typewriter_keyboard
777,./webserver/static/train/typewriter_keyboard/n04505470_7201.JPEG,typewriter_keyboard
778,./webserver/static/train/typewriter_keyboard/n04505470_1777.JPEG,typewriter_keyboard
779,./webserver/static/train/typewriter_keyboard/n04505470_4976.JPEG,typewriter_keyboard
780,./webserver/static/train/remote_control/n04074963_2965.JPEG,remote_control
781,./webserver/static/train/remote_control/n04074963_6596.JPEG,remote_control
782,./webserver/static/train/remote_control/n04074963_150.JPEG,remote_control
783,./webserver/static/train/remote_control/n04074963_33135.JPEG,remote_control
784,./webserver/static/train/remote_control/n04074963_15428.JPEG,remote_control
785,./webserver/static/train/remote_control/n04074963_2964.JPEG,remote_control
786,./webserver/static/train/remote_control/n04074963_2601.JPEG,remote_control
787,./webserver/static/train/remote_control/n04074963_14454.JPEG,remote_control
788,./webserver/static/train/remote_control/n04074963_2858.JPEG,remote_control
789,./webserver/static/train/remote_control/n04074963_15421.JPEG,remote_control
790,./webserver/static/train/car_mirror/n02965783_1638.JPEG,car_mirror
791,./webserver/static/train/car_mirror/n02965783_1577.JPEG,car_mirror
792,./webserver/static/train/car_mirror/n02965783_2926.JPEG,car_mirror
793,./webserver/static/train/car_mirror/n02965783_4855.JPEG,car_mirror
794,./webserver/static/train/car_mirror/n02965783_4476.JPEG,car_mirror
795,./webserver/static/train/car_mirror/n02965783_6075.JPEG,car_mirror
796,./webserver/static/train/car_mirror/n02965783_5772.JPEG,car_mirror
797,./webserver/static/train/car_mirror/n02965783_4616.JPEG,car_mirror
798,./webserver/static/train/car_mirror/n02965783_1969.JPEG,car_mirror
799,./webserver/static/train/car_mirror/n02965783_1938.JPEG,car_mirror
800,./webserver/static/train/strainer/n04332243_12988.JPEG,strainer
801,./webserver/static/train/strainer/n04332243_4123.JPEG,strainer
802,./webserver/static/train/strainer/n04332243_27400.JPEG,strainer
803,./webserver/static/train/strainer/n04332243_24934.JPEG,strainer
804,./webserver/static/train/strainer/n04332243_2338.JPEG,strainer
805,./webserver/static/train/strainer/n04332243_8154.JPEG,strainer
806,./webserver/static/train/strainer/n04332243_1215.JPEG,strainer
807,./webserver/static/train/strainer/n04332243_16935.JPEG,strainer
808,./webserver/static/train/strainer/n04332243_36664.JPEG,strainer
809,./webserver/static/train/strainer/n04332243_242.JPEG,strainer
810,./webserver/static/train/triceratops/n01704323_9059.JPEG,triceratops
811,./webserver/static/train/triceratops/n01704323_1380.JPEG,triceratops
812,./webserver/static/train/triceratops/n01704323_2521.JPEG,triceratops
813,./webserver/static/train/triceratops/n01704323_541.JPEG,triceratops
814,./webserver/static/train/triceratops/n01704323_2435.JPEG,triceratops
815,./webserver/static/train/triceratops/n01704323_1569.JPEG,triceratops
816,./webserver/static/train/triceratops/n01704323_2070.JPEG,triceratops
817,./webserver/static/train/triceratops/n01704323_1741.JPEG,triceratops
818,./webserver/static/train/triceratops/n01704323_3296.JPEG,triceratops
819,./webserver/static/train/triceratops/n01704323_1190.JPEG,triceratops
820,./webserver/static/train/mixing_bowl/n03775546_1526.JPEG,mixing_bowl
821,./webserver/static/train/mixing_bowl/n03775546_8079.JPEG,mixing_bowl
822,./webserver/static/train/mixing_bowl/n03775546_6620.JPEG,mixing_bowl
823,./webserver/static/train/mixing_bowl/n03775546_18805.JPEG,mixing_bowl
824,./webserver/static/train/mixing_bowl/n03775546_8809.JPEG,mixing_bowl
825,./webserver/static/train/mixing_bowl/n03775546_3108.JPEG,mixing_bowl
826,./webserver/static/train/mixing_bowl/n03775546_8533.JPEG,mixing_bowl
827,./webserver/static/train/mixing_bowl/n03775546_17054.JPEG,mixing_bowl
828,./webserver/static/train/mixing_bowl/n03775546_2583.JPEG,mixing_bowl
829,./webserver/static/train/mixing_bowl/n03775546_14407.JPEG,mixing_bowl
830,./webserver/static/train/Afghan_hound/n02088094_5532.JPEG,Afghan_hound
831,./webserver/static/train/Afghan_hound/n02088094_2164.JPEG,Afghan_hound
832,./webserver/static/train/Afghan_hound/n02088094_6565.JPEG,Afghan_hound
833,./webserver/static/train/Afghan_hound/n02088094_9175.JPEG,Afghan_hound
834,./webserver/static/train/Afghan_hound/n02088094_1045.JPEG,Afghan_hound
835,./webserver/static/train/Afghan_hound/n02088094_3882.JPEG,Afghan_hound
836,./webserver/static/train/Afghan_hound/n02088094_14463.JPEG,Afghan_hound
837,./webserver/static/train/Afghan_hound/n02088094_7360.JPEG,Afghan_hound
838,./webserver/static/train/Afghan_hound/n02088094_5911.JPEG,Afghan_hound
839,./webserver/static/train/Afghan_hound/n02088094_6533.JPEG,Afghan_hound
840,./webserver/static/train/measuring_cup/n03733805_13682.JPEG,measuring_cup
841,./webserver/static/train/measuring_cup/n03733805_22869.JPEG,measuring_cup
842,./webserver/static/train/measuring_cup/n03733805_10697.JPEG,measuring_cup
843,./webserver/static/train/measuring_cup/n03733805_14529.JPEG,measuring_cup
844,./webserver/static/train/measuring_cup/n03733805_6166.JPEG,measuring_cup
845,./webserver/static/train/measuring_cup/n03733805_5076.JPEG,measuring_cup
846,./webserver/static/train/measuring_cup/n03733805_4686.JPEG,measuring_cup
847,./webserver/static/train/measuring_cup/n03733805_19440.JPEG,measuring_cup
848,./webserver/static/train/measuring_cup/n03733805_12951.JPEG,measuring_cup
849,./webserver/static/train/measuring_cup/n03733805_3219.JPEG,measuring_cup
850,./webserver/static/train/white_stork/n02002556_8984.JPEG,white_stork
851,./webserver/static/train/white_stork/n02002556_17393.JPEG,white_stork
852,./webserver/static/train/white_stork/n02002556_6322.JPEG,white_stork
853,./webserver/static/train/white_stork/n02002556_5511.JPEG,white_stork
854,./webserver/static/train/white_stork/n02002556_887.JPEG,white_stork
855,./webserver/static/train/white_stork/n02002556_18208.JPEG,white_stork
856,./webserver/static/train/white_stork/n02002556_10873.JPEG,white_stork
857,./webserver/static/train/white_stork/n02002556_17324.JPEG,white_stork
858,./webserver/static/train/white_stork/n02002556_204.JPEG,white_stork
859,./webserver/static/train/white_stork/n02002556_7748.JPEG,white_stork
860,./webserver/static/train/safety_pin/n04127249_8455.JPEG,safety_pin
861,./webserver/static/train/safety_pin/n04127249_3657.JPEG,safety_pin
862,./webserver/static/train/safety_pin/n04127249_7477.JPEG,safety_pin
863,./webserver/static/train/safety_pin/n04127249_3090.JPEG,safety_pin
864,./webserver/static/train/safety_pin/n04127249_1255.JPEG,safety_pin
865,./webserver/static/train/safety_pin/n04127249_254.JPEG,safety_pin
866,./webserver/static/train/safety_pin/n04127249_4360.JPEG,safety_pin
867,./webserver/static/train/safety_pin/n04127249_5909.JPEG,safety_pin
868,./webserver/static/train/safety_pin/n04127249_10227.JPEG,safety_pin
869,./webserver/static/train/safety_pin/n04127249_1990.JPEG,safety_pin
870,./webserver/static/train/basset/n02088238_9900.JPEG,basset
871,./webserver/static/train/basset/n02088238_7207.JPEG,basset
872,./webserver/static/train/basset/n02088238_7487.JPEG,basset
873,./webserver/static/train/basset/n02088238_9162.JPEG,basset
874,./webserver/static/train/basset/n02088238_7069.JPEG,basset
875,./webserver/static/train/basset/n02088238_10422.JPEG,basset
876,./webserver/static/train/basset/n02088238_1203.JPEG,basset
877,./webserver/static/train/basset/n02088238_412.JPEG,basset
878,./webserver/static/train/basset/n02088238_8466.JPEG,basset
879,./webserver/static/train/basset/n02088238_9631.JPEG,basset
880,./webserver/static/train/hermit_crab/n01986214_3377.JPEG,hermit_crab
881,./webserver/static/train/hermit_crab/n01986214_25178.JPEG,hermit_crab
882,./webserver/static/train/hermit_crab/n01986214_12726.JPEG,hermit_crab
883,./webserver/static/train/hermit_crab/n01986214_25044.JPEG,hermit_crab
884,./webserver/static/train/hermit_crab/n01986214_23891.JPEG,hermit_crab
885,./webserver/static/train/hermit_crab/n01986214_16545.JPEG,hermit_crab
886,./webserver/static/train/hermit_crab/n01986214_10010.JPEG,hermit_crab
887,./webserver/static/train/hermit_crab/n01986214_4117.JPEG,hermit_crab
888,./webserver/static/train/hermit_crab/n01986214_4072.JPEG,hermit_crab
889,./webserver/static/train/hermit_crab/n01986214_22176.JPEG,hermit_crab
890,./webserver/static/train/kit_fox/n02119789_9977.JPEG,kit_fox
891,./webserver/static/train/kit_fox/n02119789_2736.JPEG,kit_fox
892,./webserver/static/train/kit_fox/n02119789_17624.JPEG,kit_fox
893,./webserver/static/train/kit_fox/n02119789_5688.JPEG,kit_fox
894,./webserver/static/train/kit_fox/n02119789_11471.JPEG,kit_fox
895,./webserver/static/train/kit_fox/n02119789_10086.JPEG,kit_fox
896,./webserver/static/train/kit_fox/n02119789_2049.JPEG,kit_fox
897,./webserver/static/train/kit_fox/n02119789_14642.JPEG,kit_fox
898,./webserver/static/train/kit_fox/n02119789_1147.JPEG,kit_fox
899,./webserver/static/train/kit_fox/n02119789_655.JPEG,kit_fox
900,./webserver/static/train/flatworm/n01924916_7000.JPEG,flatworm
901,./webserver/static/train/flatworm/n01924916_9047.JPEG,flatworm
902,./webserver/static/train/flatworm/n01924916_5286.JPEG,flatworm
903,./webserver/static/train/flatworm/n01924916_8701.JPEG,flatworm
904,./webserver/static/train/flatworm/n01924916_9090.JPEG,flatworm
905,./webserver/static/train/flatworm/n01924916_8375.JPEG,flatworm
906,./webserver/static/train/flatworm/n01924916_9061.JPEG,flatworm
907,./webserver/static/train/flatworm/n01924916_63.JPEG,flatworm
908,./webserver/static/train/flatworm/n01924916_8982.JPEG,flatworm
909,./webserver/static/train/flatworm/n01924916_4424.JPEG,flatworm
910,./webserver/static/train/trilobite/n01768244_950.JPEG,trilobite
911,./webserver/static/train/trilobite/n01768244_9274.JPEG,trilobite
912,./webserver/static/train/trilobite/n01768244_9949.JPEG,trilobite
913,./webserver/static/train/trilobite/n01768244_1428.JPEG,trilobite
914,./webserver/static/train/trilobite/n01768244_5666.JPEG,trilobite
915,./webserver/static/train/trilobite/n01768244_2809.JPEG,trilobite
916,./webserver/static/train/trilobite/n01768244_4216.JPEG,trilobite
917,./webserver/static/train/trilobite/n01768244_301.JPEG,trilobite
918,./webserver/static/train/trilobite/n01768244_1487.JPEG,trilobite
919,./webserver/static/train/trilobite/n01768244_8042.JPEG,trilobite
920,./webserver/static/train/horizontal_bar/n03535780_22725.JPEG,horizontal_bar
921,./webserver/static/train/horizontal_bar/n03535780_40969.JPEG,horizontal_bar
922,./webserver/static/train/horizontal_bar/n03535780_3870.JPEG,horizontal_bar
923,./webserver/static/train/horizontal_bar/n03535780_16077.JPEG,horizontal_bar
924,./webserver/static/train/horizontal_bar/n03535780_42746.JPEG,horizontal_bar
925,./webserver/static/train/horizontal_bar/n03535780_36211.JPEG,horizontal_bar
926,./webserver/static/train/horizontal_bar/n03535780_15546.JPEG,horizontal_bar
927,./webserver/static/train/horizontal_bar/n03535780_43973.JPEG,horizontal_bar
928,./webserver/static/train/horizontal_bar/n03535780_18270.JPEG,horizontal_bar
929,./webserver/static/train/horizontal_bar/n03535780_41906.JPEG,horizontal_bar
930,./webserver/static/train/electric_locomotive/n03272562_8598.JPEG,electric_locomotive
931,./webserver/static/train/electric_locomotive/n03272562_6528.JPEG,electric_locomotive
932,./webserver/static/train/electric_locomotive/n03272562_2727.JPEG,electric_locomotive
933,./webserver/static/train/electric_locomotive/n03272562_3996.JPEG,electric_locomotive
934,./webserver/static/train/electric_locomotive/n03272562_6933.JPEG,electric_locomotive
935,./webserver/static/train/electric_locomotive/n03272562_8383.JPEG,electric_locomotive
936,./webserver/static/train/electric_locomotive/n03272562_1737.JPEG,electric_locomotive
937,./webserver/static/train/electric_locomotive/n03272562_8485.JPEG,electric_locomotive
938,./webserver/static/train/electric_locomotive/n03272562_265.JPEG,electric_locomotive
939,./webserver/static/train/electric_locomotive/n03272562_3816.JPEG,electric_locomotive
940,./webserver/static/train/police_van/n03977966_72690.JPEG,police_van
941,./webserver/static/train/police_van/n03977966_40810.JPEG,police_van
942,./webserver/static/train/police_van/n03977966_14821.JPEG,police_van
943,./webserver/static/train/police_van/n03977966_67883.JPEG,police_van
944,./webserver/static/train/police_van/n03977966_44507.JPEG,police_van
945,./webserver/static/train/police_van/n03977966_8691.JPEG,police_van
946,./webserver/static/train/police_van/n03977966_14167.JPEG,police_van
947,./webserver/static/train/police_van/n03977966_11928.JPEG,police_van
948,./webserver/static/train/police_van/n03977966_40341.JPEG,police_van
949,./webserver/static/train/police_van/n03977966_48980.JPEG,police_van
950,./webserver/static/train/warplane/n04552348_24336.JPEG,warplane
951,./webserver/static/train/warplane/n04552348_10736.JPEG,warplane
952,./webserver/static/train/warplane/n04552348_9726.JPEG,warplane
953,./webserver/static/train/warplane/n04552348_12780.JPEG,warplane
954,./webserver/static/train/warplane/n04552348_11954.JPEG,warplane
955,./webserver/static/train/warplane/n04552348_13334.JPEG,warplane
956,./webserver/static/train/warplane/n04552348_2027.JPEG,warplane
957,./webserver/static/train/warplane/n04552348_22639.JPEG,warplane
958,./webserver/static/train/warplane/n04552348_25299.JPEG,warplane
959,./webserver/static/train/warplane/n04552348_16150.JPEG,warplane
960,./webserver/static/train/folding_chair/n03376595_19102.JPEG,folding_chair
961,./webserver/static/train/folding_chair/n03376595_404.JPEG,folding_chair
962,./webserver/static/train/folding_chair/n03376595_1740.JPEG,folding_chair
963,./webserver/static/train/folding_chair/n03376595_1881.JPEG,folding_chair
964,./webserver/static/train/folding_chair/n03376595_9977.JPEG,folding_chair
965,./webserver/static/train/folding_chair/n03376595_12960.JPEG,folding_chair
966,./webserver/static/train/folding_chair/n03376595_13927.JPEG,folding_chair
967,./webserver/static/train/folding_chair/n03376595_4251.JPEG,folding_chair
968,./webserver/static/train/folding_chair/n03376595_4887.JPEG,folding_chair
969,./webserver/static/train/folding_chair/n03376595_6691.JPEG,folding_chair
970,./webserver/static/train/cuirass/n03146219_3590.JPEG,cuirass
971,./webserver/static/train/cuirass/n03146219_15923.JPEG,cuirass
972,./webserver/static/train/cuirass/n03146219_208.JPEG,cuirass
973,./webserver/static/train/cuirass/n03146219_32473.JPEG,cuirass
974,./webserver/static/train/cuirass/n03146219_4528.JPEG,cuirass
975,./webserver/static/train/cuirass/n03146219_11082.JPEG,cuirass
976,./webserver/static/train/cuirass/n03146219_4538.JPEG,cuirass
977,./webserver/static/train/cuirass/n03146219_7081.JPEG,cuirass
978,./webserver/static/train/cuirass/n03146219_13529.JPEG,cuirass
979,./webserver/static/train/cuirass/n03146219_3149.JPEG,cuirass
980,./webserver/static/train/bicycle-built-for-two/n02835271_8648.JPEG,bicycle-built-for-two
981,./webserver/static/train/bicycle-built-for-two/n02835271_13756.JPEG,bicycle-built-for-two
982,./webserver/static/train/bicycle-built-for-two/n02835271_11697.JPEG,bicycle-built-for-two
983,./webserver/static/train/bicycle-built-for-two/n02835271_10390.JPEG,bicycle-built-for-two
984,./webserver/static/train/bicycle-built-for-two/n02835271_10931.JPEG,bicycle-built-for-two
985,./webserver/static/train/bicycle-built-for-two/n02835271_4667.JPEG,bicycle-built-for-two
986,./webserver/static/train/bicycle-built-for-two/n02835271_6094.JPEG,bicycle-built-for-two
987,./webserver/static/train/bicycle-built-for-two/n02835271_4313.JPEG,bicycle-built-for-two
988,./webserver/static/train/bicycle-built-for-two/n02835271_21974.JPEG,bicycle-built-for-two
989,./webserver/static/train/bicycle-built-for-two/n02835271_1311.JPEG,bicycle-built-for-two
990,./webserver/static/train/loudspeaker/n03691459_40992.JPEG,loudspeaker
991,./webserver/static/train/loudspeaker/n03691459_8520.JPEG,loudspeaker
992,./webserver/static/train/loudspeaker/n03691459_78054.JPEG,loudspeaker
993,./webserver/static/train/loudspeaker/n03691459_11843.JPEG,loudspeaker
994,./webserver/static/train/loudspeaker/n03691459_20532.JPEG,loudspeaker
995,./webserver/static/train/loudspeaker/n03691459_64837.JPEG,loudspeaker
996,./webserver/static/train/loudspeaker/n03691459_58288.JPEG,loudspeaker
997,./webserver/static/train/loudspeaker/n03691459_68783.JPEG,loudspeaker
998,./webserver/static/train/loudspeaker/n03691459_15367.JPEG,loudspeaker
999,./webserver/static/train/loudspeaker/n03691459_77818.JPEG,loudspeaker
